notation,prefLabel@de,altLabel@de,prefLabel@en,altLabel@en,definition@de,definition@en,Verwendungshinweis,broader,source,Verpflichtungsgrad,Feldwert,Wiederholbar,exactMatch,closeMatch,Vokabularempfehlung,Unsicher,Zugangslevel,Nachgenutzt ,Mapping MMS,Mapping Spectrum,URL Spectrum,type,tree,unit,lido,Unnamed: 26
B51DAF,Objektkennzeichnung,Objektidentifikation,object identification,object labelling,"Übergeordneter Begriff zur eindeutigen Kennzeichnung des zu behandelnden Objektes sowie Erfassung weiterer indentifizierender Merkmale, die eine zweifelsfreie Zuordnung des Objektes während des gesamten Behandlungsprozesses gewährleistet.",A superordinate term that uniquely identifies the object to be treated and records further identifying characteristics. This ensures that the object can be unambiguously assigned throughout the entire treatment process.,,top,Begriff nach DIN EN 16095:2012-10,Pflicht,,Nein,,,,,,,,,,,,,,
B5DD1A,Objektbenennung,Objekttitel| Objektname| Objektansprache,object title ,,"Benennung des konkreten Objektes. Kann sich aus einem offiziellen Titel oder aus Objekttyp und beschreibenden Attributen zusammensetzen.  Beispiel: ""Mona-Lisa"", ""rotfiguriger Krater""","Name of the specific object. This may consist of an official title or object type, along with descriptive attributes.  Example: ‘Mona Lisa’, ‘red-figure krater’",,B51DAF,,Pflicht,Text,Ja,http://terminology.lido-schema.org/lido00113,,,,,ja,Objekttitel oder -benennung (Pflicht),Titel ,https://collectionstrust.org.uk/resource/title/?tr=de ,,,,lido:titleWrap,
F7D3DB,Kennzeichnungsnummer,"Inventarnummer, Objektnummer, Signatur, Katalognummer",identification number,object number,"Nummer, die das Objekt eindeutig identifiziert. Dies sollte im Idealfall eine Inventarnummer sein. Da in der Realität nicht alle Objekte eine Inventarnummer haben, sind auch andere Arten von Nummern möglich, die das Objekt eindeutig referenzierbar machen.  Beispiel: ""O.3649"", ""2025-05-21"" ","Number that uniquely identifies the object. Ideally, this should be an inventory number. However, since not all objects have an inventory number, other types of number that make the object uniquely referenceable are also possible.  Example: ‘O.3649’, ‘2025-05-21’",,B51DAF,Begriff nach DIN EN 16095:2012-10,Pflicht,Text ,Nein,,http://vocab.getty.edu/aat/300404626,,,,ja,Inventarnummer (Pflicht),Objeknummer ,https://collectionstrust.org.uk/resource/object-number/?tr=de,,,,lido:workID,
G59SR3,Art der Kennzeichnungsnummer,Kennzeichnungsnummerntyp,type of identification number,,"Angabe, um was für eine Art von Nummer es sich bei der Kennzeichnungsnummer handelt. Ob es sich um eine feste Inventarnummer handelt oder eine temporäre Nummer (z.B. Fundnummer), o.Ä.  ","Information about what type of number the identification number is. Whether it is a fixed inventory number or a temporary number (e.g. found number), etc.  ",,F7D3DB,,Pflicht,Text ,Nein,,,,,,,,,,,,,,
K343FVC,Weitere Objektnummern,Alternative Nummern,alternative object number,other object number,"Weitere Nummern, die in der Vergangenheit dem Objekt zugeordnet wurden und erfasst werden sollen.",These are other numbers that were previously assigned to the object and should be recorded.,,B51DAF,,optional,Text ,Ja,http://terminology.lido-schema.org/lido00188,,,,,ja,,andere Nummer  ,https://collectionstrust.org.uk/resource/other-number/?tr=de,,,,,
LGPT6AC,Art der weiteren Objektnummer,,,,"Angabe, um was für eine Art von weitere Objektnummer es sich handelt.   z.B. frühere Inventarnummer, temporäre Nummer, etc.","Indication of what type of additional object number it is.  E.g. previous inventory number, temporary number, etc.",,,,optional,Text,,,,,,,,,Andere Nummer: Art,,,,,,
F9GB13,Datierung,Objektdatierung| zeitliche Einordnung,dating,,"zeitliche Einordnung des Objektes.  Beispiel: ""Urnenfelderzeit"" , ""15. Jh."" ",chronological classification of the object,,B51DAF,,empfohlen,Text/URI,Ja,http://terminology.lido-schema.org/lido00529,,,,,ja,,Objekt: Herstellung : Datum,https://collectionstrust.org.uk/resource/object-production-date/?tr=de,,"{""label"": ""Datierung"", ""uri"": ""https://www.conservation-science.org/ontology/dating/CD3342"", ""selectable"": false, ""children"": [{""label"": ""Urgeschichte"", ""uri"": ""https://www.conservation-science.org/ontology/dating/prehistory"", ""children"": [{""label"": ""Steinzeit"", ""uri"": ""https://www.conservation-science.org/ontology/dating/stone-age""}, {""label"": ""Bronzezeit"", ""uri"": ""https://www.conservation-science.org/ontology/dating/bronze-age""}, {""label"": ""Eisenzeit"", ""uri"": ""https://www.conservation-science.org/ontology/dating/iron-age"", ""children"": [{""label"": ""Hallstattzeit"", ""uri"": ""https://www.conservation-science.org/ontology/dating/hallstatt-period""}, {""label"": ""Lat\u00e8ne"", ""uri"": ""https://www.conservation-science.org/ontology/dating/latene-period""}]}]}, {""label"": ""Fr\u00fchgeschichte"", ""uri"": ""https://www.conservation-science.org/ontology/dating/early-history""}]}",,,
CD3341,Herkunft,Fundort|kulturelle Verortung|Herstellungsort,origin,location| cultural context| place of manufacture,"Sammelbegriff für Angaben zur räumlichen oder kulturellen Verortung eines Objektes, die dessen Entstehungs- oder Auffindungskontext beschreiben. Soll als Einordnung von Objekten in ihren historischen, geografischen und kulturellen Zusammhang dienen. Die Angaben können dabei exakte Ortsangaben als auch größere geografische oder kulturelle Räume sein, je nach Überliefungslage bzw. Erkenntnisstand.   Beispiel: ""Fundort: Italien - Numana - Grab 34"", ""kultureller Kontext: Renaissance""","A collective term for information about the geographical or cultural location of an object and the context in which it was created or found. It serves to classify objects within their historical, geographical, and cultural contexts. This information may include exact location details or broader geographical or cultural areas, depending on the available records or the current state of knowledge.   Example: ‘Location: Italy - Numana - Tomb 34’, ‘Cultural context: Renaissance’",,B51DAF,Begriff und Definition nach DIN EN 16095: 2012-10,empfohlen,Text/URI,Ja,,,,,,ja,,Objekt : Herstellung : Institution| Objekt : Herstellung : ethische Gruppe|  Objekt: Herstellung : Ort,,,"{""label"": ""Herkunft"", ""uri"": ""https://www.conservation-science.org/ontology/provenance/CD3341"", ""selectable"": false, ""children"": [{""label"": ""Kulturelle Verortung (Cultural Context)"", ""uri"": ""https://www.conservation-science.org/ontology/provenance/cultural-context"", ""children"": [{""label"": ""\u00c4gyptische Kultur (Egyptian Culture)"", ""uri"": ""https://www.conservation-science.org/ontology/provenance/egyptian-culture""}, {""label"": ""Griechische Kultur (Greek Culture)"", ""uri"": ""https://www.conservation-science.org/ontology/provenance/greek-culture""}, {""label"": ""R\u00f6mische Kultur (Roman Culture)"", ""uri"": ""https://www.conservation-science.org/ontology/provenance/roman-culture""}, {""label"": ""Mesopotamische Kultur (Mesopotamian Culture)"", ""uri"": ""https://www.conservation-science.org/ontology/provenance/mesopotamian-culture""}, {""label"": ""Etruskische Kultur (Etruscan Culture)"", ""uri"": ""https://www.conservation-science.org/ontology/provenance/etruscan-culture""}]}]}",,,
F2A45F,Eingangsdatum,,date of receipt,receipt date,"Datum, an dem das Objekt in die aktuell zuständige Sammlung aufgenommen wurde. An dieser Stelle ist (noch) nicht das Datum, an dem das Objekt in die Restaurierungseinrichtung eingeliefert wurde gemeint. ",The date on which the object was added to the collection currently responsible for it. It does not yet refer to the date on which the object was delivered to the conservation department. ,Das Datum sollte nach Möglichkeit gemäß ISO 8601 in der Form YYYY-MM-DD erfasst werden. ,B51DAF,,bedingte Pflicht,Text,Nein,http://terminology.lido-schema.org/lido00528| http://terminology.lido-schema.org/lido00529 ,,,,,ja,,Zugang : Datum,https://collectionstrust.org.uk/resource/entry-date/?tr=de,"{     ""type"": ""date"" }",,,,
F3G8D1,Ansprechpartner*in,,contact person,,"Benannte Person, die für Rückfragen in Bezug auf das Objekt und den Umgang mit diesem kontaktiert werden kann. Dies kann bei Privatbesitz der Eigentümer sein oder bei Objekten aus öffentlichen Einrichtungen z.B. der/die zuständige Kurator*in.  ","The designated person who can be contacted for queries regarding the object and its handling. For private property, this may be the owner; for objects from public institutions, it may be the responsible curator, for example.   ","Für die interne Zuweisung der Verantwortlichkeit/Zuständigkeit ist es empfohlen, diese Daten regelhaft zu erfassen. Bei der potenziellen Veröffentlichung bzw. dem Austausch des Datensatzes außerhalb der eigenen Einrichtung ist an dieser Stelle zu entscheiden, in wie fern die Person namentlich genannt werden möchte/kann! Personennamen sollten in der Form ""Vorname Nachname"" erfasst werden.  Sollen keine Personennamen veröffentlicht werden, ist an dieser Stelle das zuständige Institution/Körperschaft zu nennen.  ",B51DAF,,optional,Text/URI ,Nein,http://terminology.lido-schema.org/lido00163,,,,,ja,,Verantwortliche Abteilung/ Verantwortlicher Bereich,https://collectionstrust.org.uk/resource/responsible-department-section/?tr=de,,"{""label"": ""Ansprechpartner*in"", ""uri"": ""https://www.conservation-science.org/ontology/contact-person"", ""selectable"": false, ""children"": [{""label"": ""Dr. Anna Schmidt"", ""uri"": ""https://www.conservation-science.org/ontology/contact-person/anna-schmidt""}, {""label"": ""Prof. Dr. Klaus M\u00fcller"", ""uri"": ""https://www.conservation-science.org/ontology/contact-person/klaus-mueller""}, {""label"": ""Dipl.-Rest. Lena Meier"", ""uri"": ""https://www.conservation-science.org/ontology/contact-person/lena-meier""}, {""label"": ""Dipl.-Rest. (FH) Thomas Fischer"", ""uri"": ""https://www.conservation-science.org/ontology/contact-person/thomas-fischer""}, {""label"": ""Unbekannte*r Ansprechpartner*in (Unknown Contact Person)"", ""uri"": ""https://www.conservation-science.org/ontology/contact-person/unknown""}]}",,,
G76A78,Schöpfer*in,,creator,,"Angaben zur Person, die das Objekt hergestellt hat - sofern bekannt.   Beispiel: ""Leonardo da Vinci"" ","If known, details of the person who made the object. ",,B51DAF,Begriff nach DIN EN 16095:2012-10,optional,Text/URI,Ja,http://terminology.lido-schema.org/lido00163,,"GND, Wikidata, VIAF",,,ja,,Objekt : Herstellung : Person,https://collectionstrust.org.uk/resource/object-production-person/?tr=de,,"{""label"": ""Sch\u00f6pfer*in"", ""uri"": ""https://www.conservation-science.org/ontology/creator/G76A78"", ""selectable"": false, ""children"": [{""label"": ""Exekias (T\u00f6pfer & Maler)"", ""uri"": ""https://www.wikidata.org/wiki/Q350645""}, {""label"": ""Andokides-Maler (Vasemaler)"", ""uri"": ""https://www.wikidata.org/wiki/Q492576""}, {""label"": ""Euphronios (T\u00f6pfer & Maler)"", ""uri"": ""https://www.wikidata.org/wiki/Q552553""}, {""label"": ""Praxiteles (Bildhauer)"", ""uri"": ""https://www.wikidata.org/wiki/Q192292""}, {""label"": ""Phidias (Bildhauer)"", ""uri"": ""https://www.wikidata.org/wiki/Q183575""}, {""label"": ""Iktinos (Architekt)"", ""uri"": ""https://www.wikidata.org/wiki/Q310375""}, {""label"": ""Kallikrates (Architekt)"", ""uri"": ""https://www.wikidata.org/wiki/Q310382""}, {""label"": ""Polykleitos (Bildhauer)"", ""uri"": ""https://www.wikidata.org/wiki/Q311311""}, {""label"": ""Unbekannte*r K\u00fcnstler*in (Unknown Artist)"", ""uri"": ""https://www.conservation-science.org/ontology/creator/unknown-artist""}]}",,,
GB6DF3,Objektbeziehung,,object relationship,,"Sofern das Objekt Teil eines Ensemble, einer definierten Sammlung ist oder anderweitig besondere Beziehungen zu anderen Objekten aufweist, sollten diese erfasst werden.   Beispiel: ""Teil der Sammlung Becker"" ","Any special relationships that the object has with other objects, or its place in a defined collection or ensemble, should be recorded. ",,B51DAF,,bedingte Pflicht,Text,Ja,,,,,,ja,,Objektstatus| Verwandtes Objekt: Objektnummer| Verwandtes Objekt: Bezug,https://collectionstrust.org.uk/resource/object-status/?tr=de,,,,,
,,,,,,,,,,,,,,,,,,,,,,,,,,
DA2D73,Objektbeschreibung,,object description,,"Oberbegriff für Informationen, die die Beschaffenheit, Merkmale und die Bedeutung des Objektes näher beschreiben","A generic term for information that provides a more detailed description of an object's nature, characteristics and significance.",,top,Begriff nach DIN EN 16095:2012-10 & DIN EN 15898:2019,Pflicht,,Nein,,,,,,,,,,,,,,
F1BA31,Objekttyp,Objektart| Sachbegriff| Objektbezeichnung,object type,,"grundlegende formale Kategorie, in die das Objekt eingeordnet wird.   Beispiel: ""Gemälde"" , ""Skulptur"", ""Münze"" ",The basic formal category into which the object is classified. ,,DA2D73,,Pflicht,URI,Nein,,,Art & Architecture Thesaurus,,,ja,Objekttyp oder -bezeichnung (Pflicht),Objektbezeichnung ,https://collectionstrust.org.uk/resource/object-name/?tr=de,,"{""label"": ""Objekttyp"", ""uri"": ""https://www.conservation-science.org/ontology/object-type/CD3343"", ""selectable"": false, ""children"": [{""label"": ""Gef\u00e4\u00df"", ""uri"": ""https://www.conservation-science.org/ontology/object-type/gefaess"", ""children"": [{""label"": ""Amphore"", ""uri"": ""https://www.conservation-science.org/ontology/object-type/amphore""}, {""label"": ""Schale"", ""uri"": ""https://www.conservation-science.org/ontology/object-type/schale""}, {""label"": ""Kanne"", ""uri"": ""https://www.conservation-science.org/ontology/object-type/kanne""}]}, {""label"": ""Schmuck"", ""uri"": ""https://www.conservation-science.org/ontology/object-type/schmuck""}, {""label"": ""Waffe"", ""uri"": ""https://www.conservation-science.org/ontology/object-type/waffe""}]}",,lido:objectWorkTypeWrap,
BGC9F3,Weitere Objekteigenschaften,,further object properties,,"Möglichkeit weitere charakteristische Eigenschaften des Objektes zu beschreiben, die sich nicht eindeutig zum Objekttyp oder einer der anderen definierten Beschreibungselemente zuordnen lassen.   Beispiel: Farbe, Form, Besonderheit beim Aussehen",Option to describe other characteristic properties of the object that cannot clearly be assigned to the object type or any of the other defined description elements. ,"An dieser Stelle sollten auch ergänzende Informationen zu anderen Metadaten eingetragen werden. Zum Beispiel, ob bei Gemälden der Rahmen als fester Bestandteil mit in die die Maße einbezogen wurde. ",DA2D73,,optional,Text,Nein,,,,,,ja,Objektbeschreibung,Kurzbeschreibung ,https://collectionstrust.org.uk/resource/brief-description/?tr=de,,,,lido:objectDescriptionWrap,Bspw.: https://www.lido-schema.org/documents/examples/LIDO-v1.1-Example_FMobj20344012-Fontana_del_Moro.xml
D866AD,Objektmaterial,Objektwerkstoff| Material,object material,,"Angaben zum Material bzw. den Materialien aus dem/aus denen das Objekt besteht.    Beispiel: ""Bronze (Ergebnis RFA)"", ""Buntmetall (Ergebnis visuelle Begutachtung) """,Information about the material or materials that the object is made from. ,"Idealerweise sollte auch die Belastbarkeit dieser Angaben mit erfasst werden, zum Beispiel ob zur Materialbestimmung eine naturwissenschaftliche Analyse verwendet wurde oder ob sie lediglich auf einer visuellen Begutachtung des Objektes beruht. ",DA2D73,,Pflicht,URI,Ja,http://terminology.lido-schema.org/lido00132,,Art & Architecture Thesaurus,Ja,,ja  + eigene Ergänzungen,Material (Empfohlen),Material ,https://collectionstrust.org.uk/resource/material/?tr=de,,"{""label"": ""Objektmaterial"", ""uri"": ""https://www.conservation-science.org/ontology/object-material/CD3344"", ""selectable"": false, ""children"": [{""label"": ""Keramik"", ""uri"": ""https://www.conservation-science.org/ontology/object-material/keramik""}, {""label"": ""Metall"", ""uri"": ""https://www.conservation-science.org/ontology/object-material/metall"", ""children"": [{""label"": ""reines Metall"", ""uri"": ""https://www.conservation-science.org/ontology/object-material/reines-metall""}, {""label"": ""Metalllegierung"", ""uri"": ""https://www.conservation-science.org/ontology/object-material/metalllegierung"", ""children"": [{""label"": ""Goldlegierung"", ""uri"": ""https://www.conservation-science.org/ontology/object-material/goldlegierung""}, {""label"": ""Silberlegierung"", ""uri"": ""https://www.conservation-science.org/ontology/object-material/silberlegierung""}, {""label"": ""Buntmetallegierung"", ""uri"": ""https://www.conservation-science.org/ontology/object-material/buntmetallegierung""}]}]}, {""label"": ""Glas"", ""uri"": ""https://www.conservation-science.org/ontology/object-material/glas""}]}",,lido:objectMaterialsTechWrap,
C4BCF8,Herstellungstechnik,Technik,manufacturing technology,production technique| manufacturing technique,"Angaben zur Technik bzw. zu Techniken, die zur Herstellung des Objektes verwendet wurden.    Beispiel: ""Geschmiedet (Hammerspuren)""",Information about the technique or techniques that were used to produce the object. ,"Idealerweise sollte auch die Belastbarkeit dieser Angaben mit erfasst werden. Da es sich häufig um interpretative Zuschreibungen handelt, sollte der Grad der Sicherheit bzw. die zugrundeliegende Beobachtung oder Untersuchung angegeben werden.",DA2D73,,empfohlen,Text/URI,Ja,http://terminology.lido-schema.org/lido00131,,Art & Architecture Thesaurus,Ja,,ja  + eigene Ergänzungen,Technik (Empfohlen),Technik ,https://collectionstrust.org.uk/resource/technique/?tr=de ,,"{""label"": ""Herstellungstechnik"", ""uri"": ""https://www.conservation-science.org/ontology/manufacturing-technique/CD3345"", ""selectable"": false, ""children"": [{""label"": ""F\u00fcgetechnik"", ""uri"": ""https://www.conservation-science.org/ontology/manufacturing-technique/fuegetechnik""}, {""label"": ""formgebende Technik"", ""uri"": ""https://www.conservation-science.org/ontology/manufacturing-technique/formgebende-technik"", ""children"": [{""label"": ""gegossen"", ""uri"": ""https://www.conservation-science.org/ontology/manufacturing-technique/gegossen""}, {""label"": ""getrieben"", ""uri"": ""https://www.conservation-science.org/ontology/manufacturing-technique/getrieben""}, {""label"": ""geschmiedet"", ""uri"": ""https://www.conservation-science.org/ontology/manufacturing-technique/geschmiedet""}]}]}",,lido:objectMaterialsTechWrap,
DBC278,aktuelle Maße,Abmessungen| Maßangabe| Dimension,current dimensions,current measurements,"Angaben zu den räumlichen Dimensionen des Objektes, zum letzten Zeitpunkt der Begutachtung. Die Maße des Objektes können sich im Laufe der Zeit verändern (z.B. durch Beschädigung oder die Zusammensetzung eines zerscherbten Objektes).",Information on the spatial dimensions of the object at the time of the last assessment. The dimensions of the object may change over time (e.g. due to damage or the composition of a shattered object).,,DA2D73,,bedingte Pflicht,,Nein,,,,,,ja  + eigene Ergänzungen,Maße (Empfohlen),Maß ,https://collectionstrust.org.uk/resource/dimension/?tr=de ,,,,lido:objectMeasurementsWrap,
GF856C,Höhe,,hight,,Angabe der vertikalen Ausdehnung eines Objektes von seiner untersten zur höchsten Stelle (Y-Achse).,Specification of the vertical extension of an object from its lowest to its highest point (Y-axis).,"Die Angaben sollten sowohl den numerischen Wert als auch die Maßeinheit nach metrischem System im jeweils fachspezifischen Standard (mm, cm, m) enthalten",DBC278,,bedingte Pflicht,Text,Nein,,,,,,ja  + eigene Ergänzungen,Maße (Empfohlen),Maß ,https://collectionstrust.org.uk/resource/dimension/?tr=de ,,,"mm,cm,m",lido:objectMeasurementsWrap,
WF436G,Breite,,width,,Angabe der horizontalen Ausdehnung eines Objektes von seiner linken zur rechten Seite in Frontalansicht (X-Achse).,Specification of the horizontal extension of an object from its left to right side in frontal view (X-axis).,"Die Angaben sollten sowohl den numerischen Wert als auch die Maßeinheit nach metrischem System im jeweils fachspezifischen Standard (mm, cm, m) enthalten",DBC278,,bedingte Pflicht,Text,Nein,,,,,,ja  + eigene Ergänzungen,Maße (Empfohlen),Maß ,https://collectionstrust.org.uk/resource/dimension/?tr=de ,,,"mm,cm,m",lido:objectMeasurementsWrap,
QD45G7,Tiefe,,depth,,Angabe zur räumlichen Ausdehnung eines Objektes von seiner Vorder- zur Rückseite (Z-Achse). ,Information about the spatial extent of an object from its front to its back (Z-axis). ,"Die Angaben sollten sowohl den numerischen Wert als auch die Maßeinheit nach metrischem System im jeweils fachspezifischen Standard (mm, cm, m) enthalten",DBC278,,optional,Text,Nein,,,,,,ja  + eigene Ergänzungen,Maße (Empfohlen),Maß ,https://collectionstrust.org.uk/resource/dimension/?tr=de ,,,"mm,cm,m",lido:objectMeasurementsWrap,
FRG491G,Durchmesser,,diameter,,"Angabe zur größten linearen Ausdehnung eines Objektes mit runder, ovaler oder ringförmiger Grundform, gemessen zwischen zwei gegenüberliegenden Punkten über dem geometrischen Mittelpunkt.","Specification of the greatest linear extension of an object with a round, oval or ring-shaped base, as measured between two opposite points across its geometric centre.","Die Angaben sollten sowohl den numerischen Wert als auch die Maßeinheit nach metrischem System im jeweils fachspezifischem Standard (mm, cm, m) enthalten",DBC278,,optional,Text,Nein,,,,,,ja  + eigene Ergänzungen,Maße (Empfohlen),Maß ,https://collectionstrust.org.uk/resource/dimension/?tr=de ,,,"mm,cm,m",lido:objectMeasurementsWrap,
C7C3B7,aktuelles Gewicht,,current mass,,Angaben zur Masse des Objekts zum letzten Zeitpunkt der Objektuntersuchung,Information on the mass of the object at the last time of the object examination,Die Angaben sollten sowohl den numerischen Wert als auch die Maßeinheit nach metrischem System im jeweils fachspezifischen Standard (g oder kg) enthalten,DA2D73,,optional,Text,Nein,,,,,,ja  + eigene Ergänzungen,Maße (Empfohlen),Maß ,https://collectionstrust.org.uk/resource/dimension/?tr=de ,,,"g,kg,t",lido:objectMeasurementsWrap,
FC3322,aktueller Standort,,current location,,Angaben zum letzten bekannten Standort des Objekts.,Information about the last known location of the object.,"Bei diesem Feld muss zwischen der internen Erfassung des genauen Standorts und der allgemeinen Standortangabe für die Veröffentlichung des Datensatzes unterschieden werden. Der genaue Standort dient der internen Dokumentation und kann bei Bedarf vertraulich behandelt werden. Für veröffentlichte Datensätze sollte nur der übergeordnete Standort (z. B. Einrichtung,  Ausstellung, Depot) angegeben werden.",DA2D73,,Pflicht,Text/URI,Nein,http://terminology.lido-schema.org/lido01018,,,,,ja  + eigene Ergänzungen,,Standort: derzeitiger,https://collectionstrust.org.uk/resource/current-location/?tr=de,,"{""label"": ""aktueller Standort"", ""uri"": ""https://www.conservation-science.org/ontology/current-location/CD3346"", ""selectable"": false, ""children"": [{""label"": ""Leibniz-Zentrum f\u00fcr Arch\u00e4ologie (LEIZA)"", ""uri"": ""https://www.conservation-science.org/ontology/current-location/leiza"", ""children"": [{""label"": ""Depot"", ""uri"": ""https://www.conservation-science.org/ontology/current-location/leiza-depot""}, {""label"": ""Ausstellung"", ""uri"": ""https://www.conservation-science.org/ontology/current-location/leiza-ausstellung""}, {""label"": ""Labor"", ""uri"": ""https://www.conservation-science.org/ontology/current-location/leiza-labor""}]}, {""label"": ""Reiss-Engelhorn-Museen (REM)"", ""uri"": ""https://www.conservation-science.org/ontology/current-location/rem-mannheim"", ""children"": [{""label"": ""Ausstellung"", ""uri"": ""https://www.conservation-science.org/ontology/current-location/rem-mannheim-ausstellung""}, {""label"": ""Depot"", ""uri"": ""https://www.conservation-science.org/ontology/current-location/rem-mannheim-depot""}, {""label"": ""Atelier"", ""uri"": ""https://www.conservation-science.org/ontology/current-location/rem-mannheim-atelier""}]}, {""label"": ""Restaurierungszentrum D\u00fcsseldorf (RED)"", ""uri"": ""https://www.conservation-science.org/ontology/current-location/rzd""}]}",,,
,,,,,,,,,,,,,,,,,,,,,,,,,,
F52262,Zustandserfassung,Zustandserhebung,condition assessment,condition survey,"Oberbegriff für Informationen, die die systematische Erfassung des Zustands eines Objektes zu einem definierten Zeitpunkt dokumentieren.",A generic term for information documenting the systematic recording of an object's condition at a defined point in time.,,top,,Pflicht,,Ja,http://terminology.lido-schema.org/lido00931,,,,,,Ereignistyp (Pflicht),,,,,,lido:eventType ,
G5TA85,Anlass der Zustandserfassung,Grund der Zustandserfassung,reason for the condition assessment,,"Angaben, vor welchem Hintergrund die Zustandserfassung durchgeführt wurde.   Zum Beispiel im Zuge der Neu-Aufnahme eines Objektes in die Sammlung, in Vor- oder Nachbereitung einer konservatorisch-restauratorischen Maßnahme, vor oder nach einer Leihnahme, etc. ","Information about the context in which the condition assessment was carried out.  For example, in the course of adding a new object to the collection, in preparation for or follow-up to conservation, before or after a loan, etc. ",,F52262,,bedingte Pflicht,Text,Nein,,,,,,,,,,,,,,
A8ABBA,Erfassungszeitpunkt,Zeitpunkt der Erfassung,time of entry,time of recording,"Ergänzende Angaben, im Falle einer Zustandserfassung aufgrund konservatorisch-restauratorischer Maßnahme, ob es sich bei dem erfassten Zustand um den Zeitpunkt vor (Vorzustand), nach (Endzustand) oder zwischen der Maßnahme handelt.  Der Zustand vor und nach einer Maßnahme sollte dabei verpflichtend erfasst werden. Weitere Zustandserfassungen zwischen verschiedenen Maßnahmen sind bei Bedarf möglich.","In the case of condition assessment based on conservation measures, additional information should be provided on whether the assessed condition refers to the time before, after or between the conservation.  The condition before and after the conservation should be recorded as a matter of course. Further condition assessments between different measures are possible if necessary.","Auswahl zwischen: vor Eingriff, nach Eingriff, zwischen Eingriff, Monitoring",G5TA85,,bedingte Pflicht,Text,Nein,,,,,,nein,,,,"{     ""type"": ""radio"",     ""options"": [""vor Eingriff"", ""nach Eingriff"", ""zwischen Eingriff"", ""Monitoring""] }",,,,
CA1BC5,Erfassungsdatum,Datum der Erfassung (Zustandserfassung) ,date of entry,date of recording,"Angabe des Datums, an dem die Erfassung des Zustandes durchgeführt wurde. ",Indication of the date on which the condition was recorded. ,Das Datum sollte nach Möglichkeit gemäß ISO 8601 in der Form YYYY-MM-DD erfasst werden. Im Falle der Nacherfassung ,F52262,,Pflicht,Text,Nein,http://terminology.lido-schema.org/lido00528,,,,,nein,Datierung (Ereignis) (bedingte Pflicht),Condition check/ assessment date,https://collectionstrust.org.uk/resource/condition-check-assessment-date/,"{     ""type"": ""date"" }",,,lido:eventDate,
HRO94F,Zuständige Person (Zustandserfassung),,responsible person (condition assessment),person in charge (condition assessment),"Benennung der Person, die die Zustandserfassung durchgeführt hat bzw. für diese verantwortlich ist. ",Name of the person who carried out the condition assessment or is responsible for it. ,"Für die interne Zuweisung der Verantwortlichkeit/Zuständigkeit ist es empfohlen, diese Daten regelhaft zu erfassen. Bei der potenziellen Veröffentlichung bzw. dem Austausch des Datensatzes außerhalb der eigenen Einrichtung ist an dieser Stelle zu entscheiden, in wie fern die Person namentlich genannt werden möchte/kann!   ",F52262,,Pflicht,Text,Nein,http://terminology.lido-schema.org/lido00163,,,,,nein,Person/Körperschaft (Ereignis) (bedingte Pflicht),Condition checker/ assessor,https://collectionstrust.org.uk/resource/condition-checker-assessor/,,,,lido:eventActor,
CDD6B5,Dokumentationsform,,documentation type,type of documentation,"Angaben, in welcher Form der Zustand erfasst wurde bzw. in welcher/welchen Datenformen/Medien die Dokumentation des Zustandes vorliegt.  Beispiel: ""Zustandsbericht + Fotos"" ","Information on how the condition was recorded, and the data formats/media in which the condition documentation is available.  Example: 'Condition report + photos'. ",Diese Information kann entweder als Freitext eingegeben oder aus einer zuvor individuell definierten internen Liste gängiger Dokumentationsformen ausgewählt werden (z. B. aus einem Drop-down-Menü oder Checkboxen),F52262,,bedingte Pflicht,Text,Ja,,,,,,nein,,,,,,,,
GDF23F,Verweis,Kennnummer,reference,,"Eindeutiger Hinweis, an welchem Ort die Dokumentation(en) zu finden ist/sind. ",Clear indication of where the documentation(s) can be found. ,"Der Verweis kann je nach Medium unterschiedlich ausfallen. Als URI/URL zu einem digitalen Datensatz oder, im Fall analoger Materialien, als Identifikationsnummer oder Standortangabe der Dokumentenablage",CDD6B5,,bedingte Pflicht,Text,Nein,,,,,,nein,,Condition check/ assessment reference number ,https://collectionstrust.org.uk/resource/condition-check-assessment-reference-number/,,,,,
AC1786,Zustandsbeschreibung,Diagnose,condition description,description of condition,"Oberbegriff für beobachtete, gemessene, geprüfte oder bewertete Informationen, die den Zustand des Objektes zum Zeitpunkt der Erfassung näher beschreiben. Insbesondere Veränderungen des Objektes, die im Vergleich zu einem früheren oder ursprünglichen Zustand bzw. vom zuletzt berichteten Zustand festgestellt werden, müssen dokumentiert werden. ","A generic term for information that has been observed, measured, tested or assessed in order to describe the condition of an object in detail at the time of recording. In particular, changes to the object that are detected in comparison to a previous/original condition or to the last reported condition must be documented. ",,F52262,Begriff und Definition nach DIN EN 16095:2012-10 und DIN EN 15898:2020-02,Pflicht,,Nein,http://terminology.lido-schema.org/lido00268,,,,,nein,,,,,,,,
G79CA9,bisherige Umgebungsbedingungen,,previous environmental conditions,,"Aufzeichnung der Bedingungen, unter denen das Objekt bis zum Zeitpunkt der Zustandserfassung gehalten wurde. Insbesondere sofern Auswirkungen der Umgebung auf das Objekt erkannt werden, sollten diese in der Zustandsbeschreibung gemeinsam mit der vermuteten Ursache festgehalten werden.","Record of the conditions in which the object was kept prior to the condition assessment. If any environmental effects on the object are detected, these should be recorded in the condition description, together with the presumed cause.",,AC1786,Begriff und Definition nach DIN EN 16095:2012-10,empfohlen,Text/URI,Ja,,,,,,nein,,Umgebungsbedingungen: Bemerkungen,https://collectionstrust.org.uk/resource/environmental-condition-note/?tr=de,,"{""label"": ""Umgebungsbedingungen"", ""uri"": ""https://www.conservation-science.org/ontology/environmental-conditions/CD3347"", ""selectable"": false, ""children"": [{""label"": ""bisherige Lagerung"", ""uri"": ""https://www.conservation-science.org/ontology/environmental-conditions/previous-storage"", ""children"": [{""label"": ""grabungsfrischer Fund"", ""uri"": ""https://www.conservation-science.org/ontology/environmental-conditions/freshly-excavated-find""}, {""label"": ""R\u00fcckgabe aus Leihverkehr"", ""uri"": ""https://www.conservation-science.org/ontology/environmental-conditions/return-from-loan""}, {""label"": ""Depotlagerung"", ""uri"": ""https://www.conservation-science.org/ontology/environmental-conditions/depot-storage""}]}, {""label"": ""Klimatische Bedingungen"", ""uri"": ""https://www.conservation-science.org/ontology/environmental-conditions/climatic-conditions"", ""children"": [{""label"": ""unklimatisierte Lagerung"", ""uri"": ""https://www.conservation-science.org/ontology/environmental-conditions/unconditioned-storage""}, {""label"": ""klimatisierte Lagerung"", ""uri"": ""https://www.conservation-science.org/ontology/environmental-conditions/conditioned-storage""}, {""label"": ""stabile Bedingungen"", ""uri"": ""https://www.conservation-science.org/ontology/environmental-conditions/stable-conditions""}]}]}",,,
BC5B57,Physischer Objektzustand,Erhaltungszustand,physical condition,,"Beschreibung der physischen Merkmale und Eigenschaften des Objektes wie Vollständigkeit, Stabilität, Festigkeit, Maße, Feuchtigkeitsgehalt, etc. ","A description of the object's physical characteristics and properties, such as completeness, stability, strength, dimensions, moisture content, etc. ",,AC1786,Begriff nach DIN EN 15898:2020-02,Pflicht,Text/URI,Ja,,,,,,nein,,,,,"{""label"": ""Physischer Objektzustand"", ""uri"": ""https://www.conservation-science.org/ontology/physical-condition/CD3348"", ""selectable"": false, ""children"": [{""label"": ""Stabilit\u00e4t"", ""uri"": ""https://www.conservation-science.org/ontology/physical-condition/stability"", ""children"": [{""label"": ""stabil"", ""uri"": ""https://www.conservation-science.org/ontology/physical-condition/stable""}, {""label"": ""instabil"", ""uri"": ""https://www.conservation-science.org/ontology/physical-condition/unstable""}]}, {""label"": ""Vollst\u00e4ndigkeit"", ""uri"": ""https://www.conservation-science.org/ontology/physical-condition/completeness"", ""children"": [{""label"": ""vollst\u00e4ndig"", ""uri"": ""https://www.conservation-science.org/ontology/physical-condition/complete""}, {""label"": ""unvollst\u00e4ndig"", ""uri"": ""https://www.conservation-science.org/ontology/physical-condition/incomplete""}, {""label"": ""weitgehend vollst\u00e4ndig"", ""uri"": ""https://www.conservation-science.org/ontology/physical-condition/largely-complete""}]}]}",,,
CA8K78,Vollständigkeit,,completeness,,Angabe zum Vorhandensein aller ursprünglichen Bestandteile oder Elemente eines Objektes.,Information regarding the presence of all original components or elements of an object.,,BC5B57,,empfohlen,Text/URI,nein,,,,,,,,Vollständigkeit,https://collectionstrust.org.uk/resource/completeness/?tr=de,,,,,
GVB7T9,Stabilität,,stability,,Angaben zur Fähigkeit des Objektes bei physischer Einwirkung seine Form oder Struktur bei zu behalten.,Information about the object's ability to retain its shape or structure when subjected to physical impact.,,BC5B57,,empfohlen,Text/URI,ja,,,,,,,,,,,,,,
AA6941,Schadensphänomene,Schadensbild| Beschädigung| Schaden,damage,deterioration| alteration,"Beschreibung der beobachteten negativen Veränderungen am Objekt im Vergleich zu seinem als ursprünglich angenommenen Zustandes.   Auch die Angabe, dass keine Beschädigung erkennbar ist, sollte hier erfasst werden! ","Description of the observed negative changes to the object compared to its original condition.  Even if no damage is apparent, this should be noted here! ","Idealerweise sollte auch die Belastbarkeit dieser Angaben mit erfasst werden, indem z.B. die Art der Untersuchung/Feststellung dieser Veränderung dokumentiert wird. ",AC1786,,Pflicht,Text/URI,Ja,,,,,,nein,,,,,"{""label"": ""Schadensph\u00e4nomen (Damage Phenomenon)"", ""uri"": ""https://www.conservation-science.org/ontology/damage-phenomena/DAC996"", ""selectable"": false, ""children"": [{""label"": ""Form\u00e4nderung (Change in Form)"", ""uri"": ""https://www.conservation-science.org/ontology/damage-phenomena/B224CD"", ""children"": [{""label"": ""aufgeraut (Schadensph\u00e4nomen)"", ""uri"": ""https://www.conservation-science.org/ontology/damage-phenomena/A21DB2""}, {""label"": ""deformiert"", ""uri"": ""https://www.conservation-science.org/ontology/damage-phenomena/A8D9GF"", ""children"": [{""label"": ""geknickt"", ""uri"": ""https://www.conservation-science.org/ontology/damage-phenomena/ABB9FA""}, {""label"": ""gewellt"", ""uri"": ""https://www.conservation-science.org/ontology/damage-phenomena/B89818""}, {""label"": ""verbogen"", ""uri"": ""https://www.conservation-science.org/ontology/damage-phenomena/C535G6""}, {""label"": ""verdreht"", ""uri"": ""https://www.conservation-science.org/ontology/damage-phenomena/CF4199""}, {""label"": ""verworfen"", ""uri"": ""https://www.conservation-science.org/ontology/damage-phenomena/FC4DGB""}, {""label"": ""eingedr\u00fcckt (Schadensph\u00e4nomen)"", ""uri"": ""https://www.conservation-science.org/ontology/damage-phenomena/GAC37B""}]}]}, {""label"": ""Koh\u00e4sionsverlust"", ""uri"": ""https://www.conservation-science.org/ontology/damage-phenomena/KOHA123"", ""selectable"": false, ""children"": [{""label"": ""fragmentiert"", ""uri"": ""https://www.conservation-science.org/ontology/damage-phenomena/FRAG456""}]}]}",,,
C2488A,Schadensgrad,Grad des Schadensphänomens,extent of damage,degree of damage,"Bewertung des Ausmaßes der Beschädigung eines Objektes.  z.B. Abnutzung - leicht, Korrosion - stark","Assessment of the extent of damage to an object.  e.g. wear and tear – slight, corrosion – severe","Die Definition des Schadensgrad ist häufig sehr subjektiv bzw. objektspezifisch und kaum generisch vorzuschreiben. Daher sollte stets genau beschrieben werden, was die jeweilige Bewertung im konkreten Anwendungsfall bedeutet.  ",AA6941,,empfohlen,Text,Nein,,,,,,nein,,Objektzustand,https://collectionstrust.org.uk/resource/condition/?tr=de,,,,,
D4A13D,Schadensfaktor,Schadensursache,cause of damage,damaging factor,Beschreibung der ermittelten oder vermuteten Ursachen für die Beschädigung des Objektes. ,Description of the identified or suspected causes of damage to the object. ,"Idealerweise sollte auch die Belastbarkeit dieser Angabe erfasst werden, d.h. ob die Ursache des Schadens gesichert bekannt ist (z.B. dokumentierter Wasserschaden) oder lediglich vermutet wird.",AA6941,Begriff nach DIN EN 15898:2020-02,optional,Text,Nein,,,,,,nein,,,,,,,,
A4G52F,konservatorische Vorgeschichte,Spuren früherer Konservierungs- /Restaurierunseingriffe,conservation history,Evidence of previous conservation,"Beschreibung von Spuren früherer, nicht dokumentierter konservatorisch-restauratorischer Eingriffe am Objekt sowie der vermuteten Behandlungsmaßnahmen, die diese Spuren verursacht haben könnten.","Description of traces of previous, undocumented conservation work on the object and the presumed treatment measures that may have caused these traces.",,F52262,,empfohlen,Text,Nein,,,,,,nein,,,,,,,,
,,,,,,,,,,,,,,,,,,,,,,,,,,
B3FCA1,Untersuchung,,examination,investigation| analysis,"Oberbegriff für Informationen im Kontext der systematischen Begutachtung und Analyse eines Objekte zur Ermittlung von Materialzusammensetzungen, Objektaufbau, Herstellungstechnik, Erhaltungszuständen und/oder weitere Fragestellungen","Generic term for information in the context of the systematic assessment and analysis of an object to determine material composition, object structure, manufacturing technique, state of preservation and/or other issues.",,top,Begriff nach DIN EN 15898:2020-02,bedingte Pflicht,,Ja,,,,,,ggfs.,Ereignistyp (Pflicht),,,,,,lido:eventType ,
G7F25F,Zuständige Person (Untersuchung),,Examining person,,"Benennung der Person, die die Untersuchung durchgeführt hat bzw. für diese verantwortlich ist. ",Name of the person who conducted the examination or is responsible for it. ,"Für die interne Zuweisung der Verantwortlichkeit/Zuständigkeit ist es empfohlen, diese Daten regelhaft zu erfassen. Bei der potenziellen Veröffentlichung bzw. dem Austausch des Datensatzes außerhalb der eigenen Einrichtung ist an dieser Stelle zu entscheiden, in wie fern die Person namentlich genannt werden möchte/kann! Die Namen sollten im Format ""Vorname Nachname erfasst werden""  ",B3FCA1,,Pflicht,Text,Nein,http://terminology.lido-schema.org/lido00163,,,,,ggfs.,Person/Körperschaft (Ereignis) (bedingte Pflicht),Condition checker/ assessor,https://collectionstrust.org.uk/resource/condition-checker-assessor/,,,,lido:eventActor,
G76B7G,Durchführende Einrichtung (Untersuchung),,Examining institution,,"Benennung der Einrichtung, die die Untersuchung durchgeführt hat. ",Name of the institution that conducted the examination. ,"Besonders wenn dies von einer externen Einrichtung durchgeführt wird, ist die Erfassung zu empfehlen.  In Fällen, in denen bei der Veröffentlichung des Datensatzes die zuständige Person nicht genannt werden kann/darf, sollte stattdessen zumindest die zuständige Einrichtung im Datensatz enthalten sein.",B3FCA1,,empfohlen,Text/URI,Nein,http://terminology.lido-schema.org/lido00413,,,,,ggfs.,Person/Körperschaft (Ereignis) (bedingte Pflicht)   oder   Ort (Ereignis)/(bedingte Pflicht),,,,"{""label"": ""Durchf\u00fchrende Einrichtung (Untersuchung)"", ""uri"": ""https://www.conservation-science.org/ontology/executing-institution/CD3349"", ""selectable"": false, ""children"": [{""label"": ""Leibniz-Zentrum f\u00fcr Arch\u00e4ologie (LEIZA)"", ""uri"": ""https://www.conservation-science.org/ontology/executing-institution/leiza"", ""children"": [{""label"": ""Labor f\u00fcr Arch\u00e4ometrie"", ""uri"": ""https://www.conservation-science.org/ontology/executing-institution/leiza-archaeometry-lab""}, {""label"": ""Labore f\u00fcr pyrotechnologische Studien und Materialuntersuchung (PyroSEr)"", ""uri"": ""https://www.conservation-science.org/ontology/executing-institution/leiza-pyroser-labs""}, {""label"": ""Restaurierungslabor"", ""uri"": ""https://www.conservation-science.org/ontology/executing-institution/leiza-restoration-lab""}]}, {""label"": ""Reiss-Engelhorn-Museen (REM)"", ""uri"": ""https://www.conservation-science.org/ontology/executing-institution/rem-mannheim""}, {""label"": ""Restaurierungszentrum D\u00fcsseldorf (REM)"", ""uri"": ""https://www.conservation-science.org/ontology/executing-institution/rzd""}]}",,lido:eventActor,
A2AG55,Untersuchungskennung,Kennung der Untersuchung,examination identifier,examiantion identification| examination ID,"Bezeichnung oder Nummer, mit der die jeweilige Untersuchung eindeutig identifiziert werden kann.  Beispiel: 2025-05-13_RFA_1 oder XY_24601",Designation or number that uniquely identifies the respective examination.  Example: 2025-05-13_RFA_1 or XY_24601,"Der genaue Aufbau der Kennung kann individuell gestaltet werden. Wichtig ist, dass eindeutig zugeordnet werden kann, auf welche konkrete Untersuchung sich die Angaben beziehen. ",B3FCA1,,bedingte Pflicht,Text,Nein,,,,,,ggfs.,,Condition check/ assessment reference number ,https://collectionstrust.org.uk/resource/condition-check-assessment-reference-number/,,,,,
G73958,Untersuchungsdatum,Datum der Untersuchung,date of examination,examination date,"Datum, an dem die jeweilige Untersuchung durchgeführt wurde.  Auch vage Angaben über den genauen Zeitpunkt einer Untersuchung, z.B. bei der Nacherfassung historischer Untersuchungen, sind Informationen. Auch die Angabe ""unbekannt"" ist möglich.","Date on which the respective examination was performed.  Even vague information about the exact time of an examination, e.g. when retroactively recording historical examinations, constitutes information. The entry ‘unknown’ is also possible.",Das Datum sollte nach Möglichkeit gemäß ISO 8601 in der Form YYYY-MM-DD erfasst werden. ,B3FCA1,,Pflicht,Text,Nein,http://terminology.lido-schema.org/lido00528,,,,,ggfs.,Datierung (Ereignis) (bedingte Pflicht),Condition check/ assessment date,https://collectionstrust.org.uk/resource/condition-check-assessment-date/,"{     ""type"": ""date"" }",,,lido:eventDate,
CF3C22,Untersuchungsanlass,Grund der Untersuchung| Fragestellung| Untersuchungsgrund,reason for examination,question,"Hintergrundinformationen, warum diese Untersuchung durchgeführt wurde. Angabe der Fragestellung, die mit der Untersuchung bearbeitet werden soll.",Background information on why this examination was conducted. Specification of the question to be addressed by the examination.,,B3FCA1,,Pflicht,Text,Nein,,,,,,ggfs.,,Condition check/ assessment reason,https://collectionstrust.org.uk/resource/condition-check-assessment-reason/,,,,,
F8F594,Untersuchungsart,Art der Untersuchung,type of examination,examination type| type of investigation,"Möglichkeit der Spezifikation, ob es sich um eine naturwissenschaftliche, technologische, materialtechnische oder sonstige Untersuchung handelt.","Option to specify whether the examination is scientific, technological, material-related or other.",,B3FCA1,,optionale,Text,Nein,,,,,,ggfs.,,,,,,,,
A15F83,Lokalisation,Untersuchungsstelle,place of examination,localisation| examination site,"Angabe, an welcher Stelle auf dem Objekt die Untersuchung durchgeführt wurde. Nur bei Untersuchungen direkt auf dem Originalenobjekt nötig, entfällt bei Untersuchungen von Proben ",Indication of the location on the object where the examination was carried out. Only necessary for examinations carried out directly on the original object; not applicable for examinations of samples. ,,B3FCA1,,bedingte Pflicht,Text,Ja,,,,,,ggfs.,,,,,,,,
DAB4B7,Untersuchungsverfahren,Untersuchungsmethode| Untersuchungstechnik| praktische Vorgehensweise,examination procedure,examination methodology| examination technique| practical approach ,"Angabe, auf welche Art und Weise die Untersuchung durchgeführt wurde.",Information on how the examination was conducted.,,B3FCA1,,Pflicht,Text/URI,Nein,,,,,,ggfs.,,Condition check/ assessment method,https://collectionstrust.org.uk/resource/condition-check-assessment-method/,,"{""label"": ""Untersuchungsverfahren"", ""uri"": ""https://www.conservation-science.org/ontology/investigation-procedure/CD3350"", ""selectable"": false, ""children"": [{""label"": ""visuelle Begutachtung"", ""uri"": ""https://www.conservation-science.org/ontology/investigation-procedure/visual-assessment""}, {""label"": ""mikroskopische Untersuchung"", ""uri"": ""https://www.conservation-science.org/ontology/investigation-procedure/microscopic-examination""}, {""label"": ""naturwissenschaftliche Analyse"", ""uri"": ""https://www.conservation-science.org/ontology/investigation-procedure/scientific-analysis"", ""children"": [{""label"": ""Analyse der chemischen Zusammensetzung"", ""uri"": ""https://www.conservation-science.org/ontology/investigation-procedure/chemical-composition-analysis"", ""children"": [{""label"": ""R\u00f6ntgenfluoreszenzanalyse (RFA)"", ""uri"": ""https://www.conservation-science.org/ontology/investigation-procedure/xrf""}, {""label"": ""Fourier-Transform-Infrarotspektrometrie (FTIR)"", ""uri"": ""https://www.conservation-science.org/ontology/investigation-procedure/ftir""}]}, {""label"": ""Strukturanalyse"", ""uri"": ""https://www.conservation-science.org/ontology/investigation-procedure/structural-analysis"", ""children"": [{""label"": ""Rasterelektronenmikroskopie"", ""uri"": ""https://www.conservation-science.org/ontology/investigation-procedure/sem""}, {""label"": ""R\u00f6ntgenuntersuchung"", ""uri"": ""https://www.conservation-science.org/ontology/investigation-procedure/x-ray-examination""}]}, {""label"": ""Datierungsverfahren"", ""uri"": ""https://www.conservation-science.org/ontology/investigation-procedure/dating-methods"", ""children"": [{""label"": ""Dendrochronologie"", ""uri"": ""https://www.conservation-science.org/ontology/investigation-procedure/dendrochronology""}, {""label"": ""Radiokarbondatierung"", ""uri"": ""https://www.conservation-science.org/ontology/investigation-procedure/radiocarbon-dating""}]}]}]}",,,
D1CFD5,verwendetes Material (Untersuchung),,Material(s) used (examination),,"Angaben zum Material, welches für die Untersuchung des Objektes verwendet wurde. Diese Angabe ist besonders dann wichtig, wenn die Materialien Spuren bzw. Rückstände auf dem Objekt hinterlassen haben könnten. ",Information about the material used to examine the object. This information is particularly important if the materials could have left traces or residues on the object. ,,DAB4B7,,empfohlen,Text/URI,Ja,,,,,,ggfs.,,,,,"{""label"": ""Verwendetes Material (Untersuchung)"", ""uri"": ""https://www.conservation-science.org/ontology/investigation-material/D1CFD5"", ""selectable"": false, ""children"": [{""label"": ""L\u00f6sungsmittel (Solvents)"", ""uri"": ""https://www.conservation-science.org/ontology/investigation-material/solvents"", ""children"": [{""label"": ""Aceton"", ""uri"": ""https://pubchem.ncbi.nlm.nih.gov/compound/180""}, {""label"": ""Ethanol"", ""uri"": ""https://pubchem.ncbi.nlm.nih.gov/compound/702""}, {""label"": ""Isopropanol"", ""uri"": ""https://pubchem.ncbi.nlm.nih.gov/compound/3776""}, {""label"": ""Xylol"", ""uri"": ""https://pubchem.ncbi.nlm.nih.gov/compound/135387790""}]}]}",,,
D949G6,Untersuchungsgerät,,examination instrument,examination device,"Angaben, welches Gerät für die Untersuchung verwendet wurde.",Information about which instrument was used for the examination.,,DAB4B7,,empfohlen,Text/URI,Ja,,,,,,ggfs.,,,,,"{""label"": ""Untersuchungsger\u00e4t (Investigation Device)"", ""uri"": ""https://www.conservation-science.org/ontology/investigation-device/D949G6"", ""selectable"": false, ""children"": [{""label"": ""R\u00f6ntgenfluoreszenz-Ger\u00e4te (X-ray Fluorescence Devices)"", ""uri"": ""https://www.conservation-science.org/ontology/investigation-device/xrf-devices"", ""children"": [{""label"": ""Niton XL3t GOLDD+"", ""uri"": ""https://assets.thermofisher.com/TFS-Assets/CMD/Technical-Notes/TN51779-Handheld-XRF-Analysis-Niton-XL3t-GOLDD.pdf""}, {""label"": ""Artax (Bruker)"", ""uri"": ""https://www.bruker.com/de/products-solutions/x-ray-diffraction-and-x-ray-fluorescence/xrf-spectrometers/artax.html""}, {""label"": ""Elio (Bruker)"", ""uri"": ""https://www.bruker.com/de/products-solutions/x-ray-diffraction-and-x-ray-fluorescence/xrf-spectrometers/elio.html""}]}]}",,,
D6A11G,Geräteeinstellungen (Untersuchungsgerät),Metadaten| Parameter,instrument settings (examination instrument),device configuration (examination instrument)| device settings (examination instrument),"Angaben zu den Einstellungen bzw. Metadaten des Gerätes, welches für die Untersuchung verwendet wurde.",Information about the settings or metadata of the instrument used for the examination.,,D949G6,,empfohlen,Text,Nein,,,,,,ggfs.,,,,,,,,
BGG5A6,Untersuchungsergebnis ,Befund,examination results,results of examination,"Angabe, der bei der Untersuchung festgestellten Beobachtungen und Ergebnisse.",Statement of observations and findings made during the examination.,,B3FCA1,,Pflicht,Text,Nein,,,,,,ggfs.,,,,,,,,
,,,,,,,,,,,,,,,,,,ggfs.,,,,,,,,
CD5C3F,Probenahme,Beprobung| Probenentnahme,sampling,sample taking,"Oberbegriff für Informationen, die die systematische Entnahme von Materialproben aus einem Objekt für Analyse- und Untersuchungszwecke dokumentieren.",Generic term for information documenting the systematic removal of material samples from an object for analysis and examination purposes.,,top,DIN EN 16085:2012-10,bedingte Pflicht,,Ja,,,,,,ggfs.,Ereignistyp (Pflicht),,,,,,lido:eventType ,
C8CG15,Zuständige Person (Probenahme),,Sampling person,,"Benennung der Person, die die Entnahme der Probe durchgeführt hat bzw. für diese verantwortlich ist. ",Name of the person who took the sample or is responsible for it. ,"Für die interne Zuweisung der Verantwortlichkeit/Zuständigkeit ist es empfohlen, diese Daten regelhaft zu erfassen. Bei der potenziellen Veröffentlichung bzw. dem Austausch des Datensatzes außerhalb der eigenen Einrichtung ist an dieser Stelle zu entscheiden, in wie fern die Person namentlich genannt werden möchte/kann! Die Namen sollten im Format ""Vorname Nachname erfasst werden""  ",CD5C3F,,Pflicht,Text,Nein,http://terminology.lido-schema.org/lido00163,,,,,ggfs.,Person/Körperschaft (Ereignis) (bedingte Pflicht),,,,,,lido:eventActor,
F72743,Durchführende Einrichtung (Probenahme),,Sampling institution,,"Benennung der Einrichtung, die die Probenentnahme durchgeführt hat. ",Name of the facility that carried out the sampling. ,"Besonders wenn dies von einer externen Einrichtung durchgeführt wird, ist die Erfassung zu empfehlen.  In Fällen, in denen bei der Veröffentlichung des Datensatzes die zuständige Person nicht genannt werden kann/darf, sollte stattdessen zumindest die zuständige Einrichtung im Datensatz enthalten sein.",CD5C3F,,bedingte Pflicht,Text/URI,Nein,http://terminology.lido-schema.org/lido00413,,,,,ggfs.,Person/Körperschaft (Ereignis) (bedingte Pflicht)   oder   Ort (Ereignis)/(bedingte Pflicht),,,,"{""label"": ""Durchf\u00fchrende Einrichtung (Probenentnahme)"", ""uri"": ""https://www.conservation-science.org/ontology/sampling-institution/CD3351"", ""selectable"": false, ""children"": [{""label"": ""Leibniz-Zentrum f\u00fcr Arch\u00e4ologie (LEIZA)"", ""uri"": ""https://www.conservation-science.org/ontology/sampling-institution/leiza"", ""children"": [{""label"": ""Labor f\u00fcr Arch\u00e4ometrie"", ""uri"": ""https://www.conservation-science.org/ontology/sampling-institution/leiza-archaeometry-lab""}, {""label"": ""Restaurierungslabor"", ""uri"": ""https://www.conservation-science.org/ontology/sampling-institution/leiza-restoration-lab""}]}, {""label"": ""Reiss-Engelhorn-Museen (REM)"", ""uri"": ""https://www.conservation-science.org/ontology/sampling-institution/rem-mannheim""}, {""label"": ""Restaurierungszentrum D\u00fcsseldorf (REM)"", ""uri"": ""https://www.conservation-science.org/ontology/sampling-institution/rzd""}]}",,lido:eventActor,
D3AF3A,Datum der Probennahme,Datum der Beprobung,date of sampling,sampling date,"Datum, an dem die Probe aus dem Objekt entnommen wurde.  Auch vage Angaben über den genauen Zeitpunkt der Probennahme, z.B. bei der Nacherfassung historischer Unterlagen, sind Informationen. Auch die Angabe ""unbekannt"" ist möglich.","Date on which the sample was taken from the object.  Even vague information about the exact time of sampling, e.g. when recording historical documents retrospectively, is still information. The entry ‘unknown’ is also possible.",Das Datum sollte nach Möglichkeit gemäß ISO 8601 in der Form YYYY-MM-DD erfasst werden. ,CD5C3F,,Pflicht,Text,Nein,http://terminology.lido-schema.org/lido00528,,,,,ggfs.,Datierung (Ereignis) (bedingte Pflicht),,,"{     ""type"": ""date"" }",,,lido:eventDate,
CB7747,Kennung der Probe,Name der Probe| Nummer der Probe,sample identifier,sample ID| sample identification| sample name| sample number,"Bezeichnung oder Nummer, mit der die jeweilige Probe eindeutig identifiziert werden kann.   Beispiel: Metall-Probe_24601",Designation or number that uniquely identifies the respective sample.  Example: Metal sample_24601,"Der genaue Aufbau der Kennung kann individuell gestaltet werden. Wichtig ist, dass eindeutig zugeordnet werden kann, auf welche konkrete Probe sich die Angaben beziehen. ",CD5C3F,,Pflicht,Text,Nein,,,,,,ggfs.,,,,,,,,
FD2B2B,Probenbeschreibung,,sample description,,"Kurze Definition der wichtigsten Eigenschaften und Beschaffenheit der Probe. Möglichkeit, weitere Hintergrundinformationen zur Probe bzw. dem Befund, aus dem die Probe entstammt, zu erfassen.  Beispiel: ""Erdreste mit roten Verfärbungen"" , ""Textilfasern von rechter Skelettrippe""","Brief definition of the most important characteristics and properties of the sample. Option to record further background information on the sample or the findings from which the sample originates.  Example: ‘Soil residues with red discolouration’, ‘Textile fibres from right skeletal rib’.",,CD5C3F,,empfohlen,Text,Nein,,,,,,ggfs.,,,,,,,,
C33D85,Anlass der Probenahme,Grund der Beprobung,reason for sampling,,"Hintergrundinformationen, warum die Probe entnommen wurde. Angabe zur Fragestellung, die mit der Probennahme bearbeitet werden soll, oder der geplanten Untersuchungsart.  Beispiel: Materialbestimmung, Altersdatierung","Background information on why the sample was taken. Details of the question to be addressed by the sampling or the planned type of examination.  Example: material determination, age dating.",,CD5C3F,,bedingte Pflicht,Text,Nein,,,,,,ggfs.,,,,,,,,
F58F6D,Stelle der Probenahme,Lokalisation der Probennahme,sampling location,sampling point| sampling place,"Angabe, an welcher Stelle des Objekts die Probe entnommen wurde. Möglichst genaue Beschreibung des Probenortes zur späteren Zuordnung.  Beispiele: Vorderseite, linker unterer Rand, Bruchkante der Scherbe, Sockelinnenseite","Indication of where on the object the sample was taken. As accurate a description as possible of the sample location for later identification.  Examples: front, lower left edge, fracture edge of the shard, inside of the base.",,CD5C3F,,Pflicht,Text,Ja,,,,,,ggfs.,,,,,,,,
D9A6FA,Entnahmemethode,Beprobungsmethode| Entnahmeverfahren,sampling method,extraction method| sampling procedure,"Beschreibung, mit welcher Methode die Probe entnommen wurde. Angaben zur Vorgehensweise und zum eingesetzten Werkzeug.  Beispiel: Skalpellentnahme, Bohrkernentnahme, Abstrich mit Wattestäbchen","Description of the method used to take the sample. Details of the procedure and the tool used.  Example: scalpel removal, core sampling, swab with cotton bud",,CD5C3F,,Pflicht,Text/URI,Nein,,,,,,ggfs.,,,,,"{""label"": ""Entnahmemethode"", ""uri"": ""https://www.conservation-science.org/ontology/sampling-method/CD3352"", ""selectable"": false, ""children"": [{""label"": ""Skalpellentnahme"", ""uri"": ""https://www.conservation-science.org/ontology/sampling-method/scalpel-sampling""}, {""label"": ""Mikro-Bohrkernentnahme"", ""uri"": ""https://www.conservation-science.org/ontology/sampling-method/micro-core-drilling""}, {""label"": ""Abstrich mit Wattest\u00e4bchen"", ""uri"": ""https://www.conservation-science.org/ontology/sampling-method/swab-sampling""}]}",,,
,,,,,,,,,,,,,,,,,,,,,,,,,,
BAA258,Erhaltungskonzept,Restaurierungskonzept| Konservierungskonzept| Konservierungsplanung| Konservierungs-Restaurierungsplanung|Behandlungskonzept| Maßnahmenkonzept,conservation concept,conservation plan| conservation strategy,"Oberbegriff für sämtliche Informationen, die im Zuge der Planung, Vorbereitung und Durchführung einer Erhaltungsmaßnahme erfasst werden. ",Generic term for all information recorded in the course of a conservation. ,,top,,Pflicht,,Ja,,http://terminology.lido-schema.org/lido00032,,,,nein,Ereignistyp (Pflicht),Konservierung/Restaurierung : Restaurierungsbericht,https://collectionstrust.org.uk/resource/treatment-report/?tr=de,,,,,
C6A532,Anlass der Erhaltungsmaßnahme,,reason for conservation intervention,,"Hintergrundinformationen, aus welchem Grund das Objekt konservatorisch-restauratorisch behandelt werden soll. I.d.R. beziehen sich diese Angaben darauf, was im Anschluss mit dem Objekt geschehen soll oder zuvor bereits geschehen ist.   Beispiel: Ausstellungsvorbereitung, Rückkehr aus Leihverkehr","Background information on why the object is to be treated for conservation purposes. Typically, this information relates to what will happen to the object afterwards, or what has happened to it previously.  Examples: preparation for exhibition, return from loan.",,BAA258,,empfohlen,Text,Nein,,,,,,nein,,,,,,,,
FGF575,konservatorische Zielsetzung,Konservierungsziel| konservatorische Zielsetzung| Erhaltungsziel,conservation objective,conservation goal,"Beschreibung der angestrebten Ergebnisse, die mit der durchgeführten Maßnahme erreicht werden sollen.  Beispiel: Sicherung der Malschichten, Volle Rekonstruktion der ursprünglichen Form ","Description of the desired results to be achieved with the measure implemented.  Example: Securing the paint layers, complete reconstruction of the original form.",,BAA258,,Pflicht,Text,Nein,,,,,,nein,,,,,,,,
DA9CGG,Erhaltungsmaßnahme,Konservierung| Restaurierung| Konservierung-Restaurierung| Bestandserhaltung| Durchgeführte Maßnahme,intervention,conservation| restoration| measure ,"Oberbegriff für die Angaben, die zur Durchführung einer konkreten Maßnahme erfasst werden.",Generic term for the information that is recorded for the realisation of a specific conservation measure.,,BAA258,,bedingte Pflicht,,Ja,http://terminology.lido-schema.org/lido00402| http://terminology.lido-schema.org/lido00034,,,,,nein,Ereignistyp (Pflicht),,,,,,lido:eventType ,
GF41DG,Zuständige Restaurierungseinrichtung ,"Werkstatt, Labor, Atelier, Restaurierungswerkstatt",responsible conservation facility,conservation workshop| conservation labratory| conservation lab| studio,"Benennung der Einrichtung, in der die jeweilige Maßnahme durchgeführt wurde. Der Begriff ""Einrichtung"" wurde dabei als generischer Überbegriff verwendet, um individuelle Bezeichnungen wie ""Werkstatt"", ""Atelier"", ""Labor"", etc. unter einem Begriff zu vereinen. Institutionen können den jeweils in ihrem Arbeitsalltag verwendeten Begriff auf diesen Überbegriff mappen, ohne ihre eigene hausinterne Terminologie verändern zu müssen.","Name of the facility where the conservation measure was carried out. The term ‘facility’ was used as a generic umbrella term to combine individual terms such as ‘workshop’, “studio”, ‘laboratory’, etc. under one term. Institutions can map the term used in their everyday work to this umbrella term without having to change their own internal terminology.","In Fällen, in denen bei der Veröffentlichung des Datensatzes die zuständige Person nicht genannt werden kann/darf, sollte stattdessen zumindest die zuständige Einrichtung im Datensatz enthalten sein.",DA9CGG,,Pflicht,Text,Nein,http://terminology.lido-schema.org/lido00413,,,,,nein,,,,,,,,
AF1F5C,Maßnahmenkennnummer ,Identifikationsnummer (Erhaltungsmaßnahme),intervention identifier,intervention ID| intervention identification,"Nummer, die die jeweilige Maßnahme eindeutig identifiziert.   Beipspiel: Labornummer, Dokumentationsnummern, Werkblattnummer, etc. ","Number that uniquely identifies the respective conservation measure.  Example: Laboratory number, documentation numbers, worksheet number, etc. ","Wie genau diese Nummer in den jeweiligen Einrichtungen bezeichnet wird, bleibt individuell und wird auf diesen generischen Oberbegriff gemappt.",DA9CGG,,Bedingte Pflicht,Text,Nein,,,,,,nein,,Konservierung/Restaurierung : Identifikationsnummer,,,,,,
C79561,Zuständige Person (Erhaltungsmaßnahme),Restaurator*in| Konservator*in,responsible person (conservation intervention),Conservator| Restorer,"Benennung der Person, die die jeweilige Maßnahme durchgeführt hat bzw. für diese verantwortlich ist. ",Name of the person who carried out the respective measure or is responsible for it. ,"Für die interne Zuweisung der Verantwortlichkeit/Zuständigkeit ist es empfohlen, diese Daten regelhaft zu erfassen. Bei der potenziellen Veröffentlichung bzw. dem Austausch des Datensatzes außerhalb der eigenen Einrichtung ist an dieser Stelle zu entscheiden, in wie fern die Person namentlich genannt werden möchte/kann! Die Namen sollten im Format ""Vorname Nachname erfasst werden""",DA9CGG,,Pflicht,Text,Nein,http://terminology.lido-schema.org/lido00163,,,,,nein,Person/Körperschaft (Ereignis) (bedingte Pflicht),Konservierung/Restaurierung : Restaurator,https://collectionstrust.org.uk/resource/conservator/?tr=de,,,,lido:eventActor,
CDD613,Beginn der Maßnahme,,start of intervention,,"kalendermäßige Erfassung des Zeitpunktes, an dem die jeweilige Maßnahme begonnen wurde. ",calendar-based recording of the date on which the respective measure was initiated. ,Das Datum sollte nach Möglichkeit gemäß ISO 8601 in der Form YYYY-MM-DD erfasst werden. ,DA9CGG,,Pflicht,Text,Nein,http://terminology.lido-schema.org/lido00528,,,,,nein,Datierung (Ereignis) (bedingte Pflicht),Konservierung/Restaurierung : Datum : Beginn,https://collectionstrust.org.uk/resource/treatment-begin-date/?tr=de,"{     ""type"": ""date"" }",,,lido:eventDate,
CDF685,Ende der Maßnahme,,end of intervention,,"kalendermäßige Erfassung des Zeitpunktes, an dem die jeweilige Maßnahme beendet wurde. ",calendar-based recording of the date on which the respective measure was completed. ,Das Datum sollte nach Möglichkeit gemäß ISO 8601 in der Form YYYY-MM-DD erfasst werden. ,DA9CGG,,Pflicht,Text,Nein,http://terminology.lido-schema.org/lido00528,,,,,nein,Datierung (Ereignis) (bedingte Pflicht),Konservierung/Restaurierung : Datum : Ende,https://collectionstrust.org.uk/resource/treatment-end-date/?tr=de,"{     ""type"": ""date"" }",,,lido:eventDate,
G814D2,Zeitaufwand ,,time required,time commitment,"Summe der tatsächlich am Objekt geleisteten Arbeitsstunden währen der Maßnahme, ohne passive Zeiten wie Trocknungsphasen oder parallele Wartezeiten. ","Total number of hours actually worked on the object during the measure, excluding passive periods such as drying phases or parallel waiting times. ",In Angabe des Zeitaufwandes soll nach Möglichkeit in Stunden erfolgen,DA9CGG,,(optional),Text,Nein,,,,,,nein,Datierung (Ereignis) (bedingte Pflicht),,,,,h,lido:eventDate,
A13CD1,Eingriff,Behandlung | Applikationstechnik|Methode| Vorgehensweise,treatment,procedure| operation| method,Beschreibung der konkreten Vorgehensweise und Techniken mit denen das Objekt zur Erreichung der festgelegten konservatorischen Zielsetzung behandelt wurde.,Description of the specific procedures and techniques used to treat the object in order to achieve the specified conservation objectives.,,DA9CGG,Begriff und Definition nach DIN EN 15898:2020-02,Pflicht,Text/URI,Ja,,,,,,nein,,Konservierung/Restaurierung : Methode,https://collectionstrust.org.uk/resource/conservation-method/?tr=de,,"{""label"": ""Eingriff"", ""uri"": ""https://www.conservation-science.org/ontology/intervention/CD3353"", ""selectable"": false, ""children"": [{""label"": ""Reinigung"", ""uri"": ""https://www.conservation-science.org/ontology/intervention/cleaning"", ""children"": [{""label"": ""Trockenreinigung"", ""uri"": ""https://www.conservation-science.org/ontology/intervention/dry-cleaning""}, {""label"": ""Feuchtreinigung"", ""uri"": ""https://www.conservation-science.org/ontology/intervention/wet-cleaning""}, {""label"": ""Laserreinigung"", ""uri"": ""https://www.conservation-science.org/ontology/intervention/laser-cleaning""}]}, {""label"": ""Festigung"", ""uri"": ""https://www.conservation-science.org/ontology/intervention/consolidation"", ""children"": [{""label"": ""tempor\u00e4rer Stabilisierung"", ""uri"": ""https://www.conservation-science.org/ontology/intervention/temporary-stabilization""}, {""label"": ""Tr\u00e4nkung"", ""uri"": ""https://www.conservation-science.org/ontology/intervention/impregnation""}]}, {""label"": ""Klebung"", ""uri"": ""https://www.conservation-science.org/ontology/intervention/adhesion"", ""children"": [{""label"": ""Infiltrationsklebung"", ""uri"": ""https://www.conservation-science.org/ontology/intervention/infiltration-bonding""}, {""label"": ""Aufbaumethode"", ""uri"": ""https://www.conservation-science.org/ontology/intervention/build-up-method""}]}]}",,,
CGC619,Verwendetes Material (Eingriff),,used material (conservation intervention),,"Benennung des bzw. der Materialien, die für die jeweilige konservatorische und/oder restauratorische Maßnahme verwendet wurden.",Name of the material(s) used for the respective conservation and/or restoration measure.,,A13CD1,,Pflicht,Text/URI,Ja,,,Art & Architecture Thesaurus,,,nein,,Konservierung/Restaurierung: Material,https://collectionstrust.org.uk/resource/conservation-material/?tr=de,,"{""label"": ""Verwendetes Material (Used Material)"", ""uri"": ""https://www.conservation-science.org/ontology/conservation-material/CGC619"", ""selectable"": false, ""children"": [{""label"": ""Reinigungsmittel (Cleaning Agents)"", ""uri"": ""https://www.conservation-science.org/ontology/conservation-material/cleaning-agents"", ""children"": [{""label"": ""Destilliertes Wasser (Distilled Water)"", ""uri"": ""https://pubchem.ncbi.nlm.nih.gov/compound/962""}, {""label"": ""Ethanol"", ""uri"": ""https://pubchem.ncbi.nlm.nih.gov/compound/702""}, {""label"": ""Aceton"", ""uri"": ""https://pubchem.ncbi.nlm.nih.gov/compound/180""}, {""label"": ""Tenside (Surfactants)"", ""uri"": ""https://www.conservation-wiki.com/wiki/Surfactants""}, {""label"": ""Gele (Gels)"", ""uri"": ""https://www.conservation-wiki.com/wiki/Gels""}]}]}",,,
D865C3,Bezugsquelle,Hersteller,source,supplier| manufacturer,"Angabe des Herstellers, Lieferanten oder der sonstigen Herkunft des verwendeten Materials zur Rückverfolgbarkeit und Qualitätssicherung. Diese Angaben liefern für spätere erneute Objektuntersuchungen und/oder Maßnahmen Hintergrundinformationen zu den Eigenschaften des Materials.  ","Information about the manufacturer, supplier or other source of the material used for traceability and quality assurance purposes. This information provides background information on the properties of the material for subsequent re-examination of the object and/or further measures.  ",,CGC619,,optional,Text,Nein,,,,,,nein,,,,,,,,
C364G1,Konzentration,Mischungsverhältnis,concentration,,Beschreibung der genauen Konzentration oder Zusammensetzung des Materials zur Sicherstellung der Reproduzierbarkeit und Beurteilung der Langzeitwirkung bzw.-stabilität.,Description of the exact concentration or composition of the material to ensure reproducibility and assessment of long-term effects or stability.,,CGC619,,optional,Text,Nein,,,,,,nein,,,,,,,,
C421BF,Herstellungsdatum,,date of manufacture,,Erfassung des Produktions- oder Abfülldatums industrieller Produkte zur Nachvollziehbarkeit von Rezepturänderungen und Qualitätsschwankungen. Dient der Rückverfolgung von Chargen bei ungewöhnlichen Vorkommnissen und ermöglicht das Einholen relevanter Hintergrundinformationen zur Langzeitstabilität,Recording of the production or filling date of industrial products for traceability of recipe changes and quality fluctuations. Used to trace batches in the event of unusual occurrences and enables relevant background information on long-term stability to be obtained.,Das Datum sollte nach Möglichkeit gemäß ISO 8601 in der Form YYYY-MM-DD erfasst werden. ,CGC619,,optional,Text,Nein,,,,,,nein,,,,"{     ""type"": ""date"" }",,,,
F87124,Werkzeug,Gerät,tool,instrument,"Benennung des bzw. der Werkzeuge und Geräte, die für die jeweilige konservatorische und/oder restauratorische Maßnahme verwendet wurden. Diese Angabe empfiehlt sich besonders dann, wenn durch die verwendeten Werkzeuge Spuren auf dem Objekt hinterlassen wurden. ",Name the tools and equipment used for the respective conservation and/or restoration measures. This information is particularly recommended if the tools used left marks on the object. ,,A13CD1,,empfohlen,Text/URI,Ja,,,Art & Architecture Thesaurus,,,nein,,,,,"{""label"": ""Werkzeug (Tool)"", ""uri"": ""https://www.conservation-science.org/ontology/tool/F87124"", ""selectable"": false, ""children"": [{""label"": ""technische Ger\u00e4te"", ""uri"": ""https://www.conservation-science.org/ontology/tool/GF9C49"", ""children"": [{""label"": ""Ultraschallger\u00e4t"", ""uri"": ""https://www.conservation-science.org/ontology/tool/C5A318""}, {""label"": ""Schleifk\u00f6rper"", ""uri"": ""https://www.conservation-science.org/ontology/tool/C4C6B6"", ""children"": [{""label"": ""Korundschleifk\u00f6rper"", ""uri"": ""https://www.conservation-science.org/ontology/tool/A22C84""}, {""label"": ""Gummischleifk\u00f6rper"", ""uri"": ""https://www.conservation-science.org/ontology/tool/A97F31""}, {""label"": ""Diamantschleifk\u00f6rper"", ""uri"": ""https://www.conservation-science.org/ontology/tool/ABF57G""}, {""label"": ""Metallfr\u00e4ser"", ""uri"": ""https://www.conservation-science.org/ontology/tool/CDF423""}]}]}]}",,,
,,,,,,,,,,,,,,,,,,,,,,,,,,
B7B8B6,Gefährdungspotential,,risk potential,,"Übergeordneter Begriff zur Strukturierung aller Angaben, zu potentiellen Gefahren, die von einem individuellen (behandelten) Objekt ausgehen und Maßnahmen, die zum Schutz der Gesundheit bei Umgang mit den jeweiligen Objekten eingehalten werden sollten.   Nicht gemeint sind dabei die allgemeinen Arbeitssicherheitsmaßnahmen, die im Rahmen der gesetzlichen Vorgaben für Restaurator*innen gelten. ",Umbrella term for structuring all information on potential hazards posed by an individual (treated) object and measures that should be observed to protect health when handling the respective objects.  This does not refer to the general occupational safety measures that apply to restorers within the framework of legal requirements.,,top,,bedingte Pflicht,,Nein,,,,,,,,,,,,,,
FBFFF5,Gefährdungshinweise,,hazard warnings,hazard information,"Hinweise auf potenzielle Gefahrenquellen und Risiken im Zusammenhang mit dem Objekt oder den bei der konservatorisch-restauratorischen Maßnahme (oder früheren Maßnahmen) verwendeten Materialien.  Beispiel: Schimmelbefall, Schadstoffkontaminiert ","Information on potential hazards and risks associated with the object or the materials used in the conservation-restoration measures (or previous measures)  Example: mould infestation, contamination with harmful substances",,B7B8B6,,Pflicht,Text,Ja,,,,,,ggfs.,,,,,,,,
BGGCA4,Art der Gefährdung,,type of hazard,hazard type,"Kategorisierung und Beschreibung der konkreten Gefährdungsart, z. B. chemisch, physikalisch oder biologisch","Categorisation and description of the specific type of hazard, e.g. chemical, physical or biological",,B7B8B6,,bedingte Pflicht,Text,Ja,,,,,,ggfs.,,Gefährdung,https://collectionstrust.org.uk/resource/hazard/?tr=de,,,,,
BB78D2,Getroffene Schutzmaßnahmen,,proctective measures taken,,"Dokumentation der bereits umgesetzten und/oder während der Objektbehandlung einzuhaltenden Schutzmaßnahmen zur Minimierung der Gefährdung. Einschließlich persönlicher Schutzausrüstung (PSA), technischer und organisatorischer Maßnahmen.  Beispiele: Tragen von Schutzhandschuhen, Arbeiten unter Abzug/ im Quarantänebereich, Objekt eingeschweißt","Documentation of protective measures already implemented and/or to be observed during object handling in order to minimise risk. Including personal protective equipment (PPE), technical and organisational measures.  Examples: Wearing protective gloves, working under a fume cupboard/in a quarantine area, object sealed in plastic",,B7B8B6,,bedingte Pflicht,Text,Ja,,,,,,ggfs.,,,,,,,,
CCCC7G,Letzte Gefährdungsbewertung,,last hazard assessment,,Oberbegriff zu Angaben der zuletzt durchgeführten Risikoanalyse und Beurteilung des Gefährdungspotentitals eines Objektes,Generic term for information on the last risk analysis and assessment of the hazard potential of an object,,B7B8B6,,optional,,Nein,,,,,,ggfs.,Ereignistyp (Pflicht),,,,,,lido:eventType ,
AFD671,Datum der Gefährdungsbewertung,,date of hazard assessment,,"Erfassung des Datums, an dem die letzte Gefährdungsbewertung durchgeführt wurde.",Recording of the date on which the last risk assessment was carried out,Das Datum sollte nach Möglichkeit gemäß ISO 8601 in der Form YYYY-MM-DD erfasst werden. ,CCCC7G,,empfohlen,Text,Nein,http://terminology.lido-schema.org/lido00528,,,,,ggfs.,Datierung (Ereignis) (bedingte Pflicht),Gefährdung : Datum,https://collectionstrust.org.uk/resource/hazard-date/?tr=de,"{     ""type"": ""date"" }",,,lido:eventDate,
ADD53A,Einschätzung (Gefährdungsbewertung),,result (safety assessment),,Bewertung des aktuellen Gefährdungsstatus und der verbleibenden Risiken basierend auf der letzten Gefährdungsbewertung.,Assessment of the current hazard status and residual risks based on the latest risk assessment,,CCCC7G,,empfohlen,Text,Nein,,,,,,ggfs.,,,,,,,,
,,,,,,,,,,,,,,,,,,,,,,,,,,
C93638,Präventive Konservierung,,preventive conservation,,"Übergeordneter Begriff zur Erfassung aller Angaben bezüglich vorbeugender Maßnahmen, die ohne direkten Eingriff am Objekt selbst darauf abzielen, Schäden am Objekt zu vermindern.",Umbrella term covering all information relating to preventive measures that aim to reduce damage to the object without direct intervention on the object itself,,top,,empfohlen,,Nein,,,,,,,,,,,,,,
GF9C49,Allgemeine Umgangsempfehlungen,,general handling recommendations ,recommendations for handling| recommendations for use,"Sammelbegriff zur Strukturierung von Richtlinien und Handlungsanweisungen für den sachgerechten Umgang mit dem behandelten Objekt, die zur langfristigen Erhaltung und Vermeidung von Folgeschäden generell und/oder nach abgeschlossener Konservierungs-Restaurierungsbehandlung zu beachten sind.","Collective term for structuring guidelines and instructions for the proper handling of the object in question, which must be observed for long-term preservation and to prevent consequential damage in general and/or after conservation-restoration treatment has been completed",,C93638,,empfohlen,,Nein,,,,,,nein,,,,,,,,
D941BB,Präsentationsvorgaben,,presentation guidelines,presentation specifications| exhibition guidelines,"Angaben zu Besonderheiten, die bei der Ausstellung/Präsentation des Objektes zu beachten sind.   Beispiel: ""Objekt ausschließlich auf individuell angepasster Stützkonstruktion präsentieren"", ""Ausstellung nur in klimatisierter Vitrine"" ","Information on special features to be observed when exhibiting/presenting the object.   Example: ‘Present object exclusively on individually adapted support structure’, ‘Exhibit only in air-conditioned display case’",,GF9C49,C3A182| A2FA1B| BA8198| DF7759| FD6617,empfohlen,Text,Ja,,,,,,nein,,Präsentation : Vorgaben,https://collectionstrust.org.uk/resource/display-recommendations/?tr=de,,,,,
F2244D,Verpackungs- und Transportempfehlungen,,Packaging and transport recommendations,,"Angaben zu Besonderheiten, die im Zuge der Objektverpackung oder des Transportes zu beachten sind.   Beispiel: ""Objekt ausschließlich liegend transportieren"", ""Transport nur in klimatisiertem Fahrzeug""","Information on special features that must be taken into account during the packaging or transport of the object.   Example: ‘Transport object lying down only’, ‘Transport only in air-conditioned vehicle’",,GF9C49,C3A182,empfohlen,Text,Ja,,,,,,nein,,Verpackung : Empfehlungen,https://collectionstrust.org.uk/resource/packing-recommendations/?tr=de,,,,,
B14C4A,Empfehlungen zur Handhabung,Handlingsempfehlungen,handling recommendations,,"Angaben zu Besonderheiten, die im Zuge der Handhabung des Objektes berücksichtigt werden müssen.   Beispiel: ""Nicht an den Henkeln anfassen"" ",Information on special features that must be taken into account when handling the object.   Example: ‘Do not touch the handles.’,,GF9C49,,empfohlen,Text,Ja,,,,,,nein,,Handhabung : Empfehlungen,https://collectionstrust.org.uk/resource/handling-recommendations/?tr=de,,,,,
C3A182,Konservatorische Bedingungen,,recommended conditions,conservation conditions,"Sammeloberbegriff für Angaben bezüglich erforderlicher Umgebungsparameter und physikalischer Rahmenbedingungen, die für die optimale Erhaltung des Objektes notwendig sind.",Collective term for information regarding the necessary environmental parameters and physical conditions required for the optimal preservation of the object.,,C93638,D941BB,empfohlen,,Nein,,,,,,nein,,Umgebungsbedingungen : Empfehlungen| Aufbewahrung : Empfehlungen ,https://collectionstrust.org.uk/resource/environmental-recommendations/?tr=de,,,,,
A2FA1B,Temperatur (konservatorische Bedingungen),,temperature (recommended conditions),,Angabe der erforderlichen Temperaturwerte und zulässigen Schwankungsbereiche (maximal tolerierbare Abweichungen) für die sachgerechte Lagerung zur Vermeidung temperaturbedingter Schäden.,Specification of the required temperature values and permissible fluctuation ranges (maximum tolerable deviations) for proper storage to avoid temperature-related damage.,Die einzuhaltenden Temperaturwerte ebenso wie die Abweichung sollen in Grad Celsius erfasst werden.,C3A182,D941BB,empfohlen,Text,Nein,,,,,,nein,,,,,,°C,,
BA8198,Luftfeuchtigkeit (konservatorische Bedingung),Luftfeuchte (konservatorische Bedingungen),humidity (recommended conditions),,Angabe der einzuhaltenden relativen Luftfeuchtigkeit und zulässigen Schwankungsbereiche (maximal tolerierbare Abweichungen) für die sachgerechte Lagerung zur Vermeidung feuchtigkeitsbedingter Schäden.,Specification of the relative humidity to be maintained and permissible fluctuation ranges (maximum tolerable deviations) for proper storage to prevent moisture-related damage,Die einzuhaltende relative Luftfeuchtigkeit soll in Prozent erfasst werden.,C3A182,D941BB,empfohlen,Text,Nein,,,,,,nein,,,,,,%,,
DF7759,Beleuchtungsstärke (konservatorische Bedingungen),LUX (konservatorische Bedingung),illuminance (recommended conditions),LUX (conservation condition,Angabe der maximal zulässigen Beleuchtungsstärke in LUX bzw. Expositionszeit für die schonende Präsenation zur Minimierung photochemischer und photophysikalischer Schädigungsprozesse bei gleichzeitig Gewährleistung ausreichender Sichtbarkeit für Betrachtung.,Specification of the maximum permissible illuminance in LUX or exposure time for gentle presentation to minimise photochemical and photophysical damage processes while ensuring sufficient visibility for viewing,"Die einzuhaltende Beleuchtungsstärke soll in LUX erfasst werden, die maximal zulässige Expositionszeit in Stunden",C3A182,D941BB,optional,Text,Nein,,,,,,nein,,,,,,,,
FD6617,UV-Schutz (konservatorische Bedingungen),UV (konservatorische Bedingungen),UV protection (recommended conditions),ultraviolet protection,"Angabe der Anforderungen bezüglich ultravioletter Strahlung, einschließlich maximal zulässiger UV-Anteile im Beleuchtungsspektrum oder erforderliche UV-Filtermaßnahmen, zur Verhinderung UV-bedingter Materialschäden am Objekt.","Specification of requirements regarding ultraviolet radiation, including maximum permissible UV components in the lighting spectrum or necessary UV filter measures, to prevent UV-related material damage to the object",Die einzuhaltenden Anforderungen sollen nach Möglichkeit in Mikrowatt pro Lumen (µW/lm) erfasst werden. Aber auch Angaben in Mikrowatt pro Quadratzentimeter oder in Prozent (bei Bezug auf UV-Filter) sind möglich. Wichtig ist neben der Erfassung der numerischen Werte auch die jeweilige Einheit mit anzugeben.,C3A182,D941BB,optional,Text,Nein,,,,,,nein,,,,,,"µW/lm,%,µW/cm²]",,
C11192,Monitoring,,monitoring,,Sammeloberbegriff zur Dokumentation regelmäßiger Kontrollmaßnahmen des Objektzustandes und der Umgebungsbedingungen zur frühzeitigen Erkennung von Veränderungen und Einleitung entsprechender (Gegen-)Maßnahmen,Collective term for the documentation of regular checks on the condition of the property and the surrounding conditions for the early detection of changes and the initiation of appropriate (counter)measures,,C93638,,empfohlen,,Ja,,,,,,ggfs.,Ereignistyp (Pflicht),,,,,,lido:eventType ,
F5G576,Datum des Monitoring,,date of monitoring,,Zeitpunkt der durchgeführten Kontrollmaßnahme zur chronologischen Dokumentation und Nachvollziehbarkeit,Time of the control measure carried out for chronological documentation and traceability,Das Datum sollte nach Möglichkeit gemäß ISO 8601 in der Form YYYY-MM-DD erfasst werden. ,C11192,,empfohlen,Text,Nein,http://terminology.lido-schema.org/lido00528,,,,,ggfs.,Datierung (Ereignis) (bedingte Pflicht),,,"{     ""type"": ""date"" }",,,lido:eventDate,
B9835A,Zuständige Person (Monitoring),,responsible person (monitoring),,"Angaben zur Person (Name, ggfs. Funktion) der für die Durchführung des Monitorings verantwortlichen Person.","Personal details (name, position if applicable) of the person responsible for carrying out the monitoring","Für die interne Zuweisung der Verantwortlichkeit/Zuständigkeit ist es empfohlen, diese Daten regelhaft zu erfassen. Bei der potenziellen Veröffentlichung bzw. dem Austausch des Datensatzes außerhalb der eigenen Einrichtung ist an dieser Stelle zu entscheiden, in wie fern die Person namentlich genannt werden möchte/kann!   ",C11192,,empfohlen,Text,Nein,http://terminology.lido-schema.org/lido00163,,,,,ggfs.,Person/Körperschaft (Ereignis) (bedingte Pflicht),,,,,,lido:eventActor,
FFFCB7,Überprüfte Bedingungen,,Verified conditions,,Oberbegriff der kontrollierten Parameter und Umgebungsfaktoren während des Monitorings.,Generic term for the controlled parameters and environmental factors during monitoring,,C11192,F396G6,empfohlen,Text,Ja,,,,,,ggfs.,,,,,,,,
BF6D19,biologischer Befall,,biological infestation,,"Angabe ob Kontrolle auf Schädlingsbefall, Schimmelbildung oder andere biologische Aktivität am Objekt oder in dessen unmittelbarer Umgebung durchgeführt wurde.","Indication of whether checks for pest infestation, mould growth or other biological activity were carried out on the property or in its immediate vicinity","Die Erfassung sollte hier hin Form von ""Ja/Nein"" Abfragen oder Checkboxen erfolgen. ",FFFCB7,,empfohlen,Text,Nein,,,,,,ggfs.,,,,"{     ""type"": ""checkbox"",     ""true-value"": ""Ja"",     ""false-value"": ""Nein"" }",,,,
A5C668,Klimawerte,,climate values,climate data,Angabe ob Temperatur- und Luftfeuchtigkeitswerte im Zuge des Monitorings kontrolliert wurden.,Indication of whether temperature and humidity values were checked during monitoring,"Die Erfassung sollte hier hin Form von ""Ja/Nein"" Abfragen oder Checkboxen erfolgen. ",FFFCB7,,empfohlen,Text,Nein,,,,,,ggfs.,,,,"{     ""type"": ""checkbox"",     ""true-value"": ""Ja"",     ""false-value"": ""Nein"" }",,,,
C9C527,Lichtexposition,LUX-Stunden,light exposure,LUX hours,Angabe ob akkumulierte Lichtexposition in LUX-Stunden während des Monitorings gemessen wurden.,Indication of whether accumulated light exposure was measured in LUX hours during monitoring,"Die Erfassung sollte hier hin Form von ""Ja/Nein"" Abfragen oder Checkboxen erfolgen. ",FFFCB7,,empfohlen,Text,Nein,,,,,,ggfs.,,,,"{     ""type"": ""checkbox"",     ""true-value"": ""Ja"",     ""false-value"": ""Nein"" }",,,,
BF3639,Schadstoffe,,pollutants,harmful substances| contaminants| hazardous substances,"Angabe ob Vorhandensein von luftgetragenen Verunreinigungen, Ausgasungen oder andere chemische Belastungen in der Objektumgebung kontrolliert wurden.","Indication of whether the presence of airborne contaminants, emissions or other chemical pollutants in the vicinity of the property has been checked","Die Erfassung sollte hier hin Form von ""Ja/Nein"" Abfragen oder Checkboxen erfolgen. ",FFFCB7,,empfohlen,Text,Nein,,,,,,ggfs.,,,,"{     ""type"": ""checkbox"",     ""true-value"": ""Ja"",     ""false-value"": ""Nein"" }",,,,
F396G6,Ergebnis des Monitorings,,result of monitoring,outcome of monitoring,"Zusammenfassende Bewertung aller durchgeführten Kontrollmaßnahme mit Angabe festgestellter Beobachtungen, Auffälligkeiten oder Handlungsempfehlungen.   Beispiel: ""Alle Parameter im Normbereich"", ""Luftfeuchtigkeit 5% über Sollwert, Nachregulierung erforderlich"", ""Verdacht auf Schimmelbildung, Objekt zur weiteren Untersuchung in Labor verbracht""","Summary assessment of all control measures carried out, including observations, anomalies or recommendations for action.   Example: ‘All parameters within normal range’, ‘Humidity 5% above target value, readjustment required’, ‘Suspected mould growth, object sent to laboratory for further examination’",,C11192,FFFCB7| BF6D19| A5C668| C9C527| BF3639,empfohlen,Text,Ja,,,,,,ggfs.,,,,,,,,
AC16G1,Administrative Metadaten,,administrative metadata,,administrative Angaben zu dem vorliegenden Bericht und seinen Inhalten,Administrative information about this report and its contents,,top,,Pflicht,,,,,,,,,,,,,,,,
D78721,Erstellungsdatum des Datensatzes,,date of report creation,,"Zeitpunkt, zu dem der Bericht erstellt wurde",Date on which the report was prepared,Das Datum sollte nach Möglichkeit gemäß ISO 8601 in der Form YYYY-MM-DD erfasst werden. ,AC16G1,,Pflicht,Text,Nein,http://terminology.lido-schema.org/lido00528,,,,,nein,,,,"{     ""type"": ""date"" }",,,,
F285B2,Bearbeiter*in,,creator,,"Angaben zur Person (Name, ggfs. Funktion) der für den Bericht verantwortlichen Person.","Personal details (name, position if applicable) of the person responsible for the report","Der Name sollte im Format ""Vorname Nachname"" erfasst werden.",AC16G1,,Pflicht,Text,Nein,http://terminology.lido-schema.org/lido00163,,,,,nein,,,,,,,,
D1F5D3,Version,,version,,Angaben zur Versionierung bzw. Überarbeitung des Berichtes,Information on the versioning or revision of the report,,AC16G1,,empfohlen,Text,Ja,,,,,,nein,,,,,,,,
B43DK5,Änderungsdatum,,modification date,change date| amendment date| date of change,"Zeitpunkt, zu dem der Bericht geändert wurde",Time at which the report was amended,Das Datum sollte nach Möglichkeit gemäß ISO 8601 in der Form YYYY-MM-DD erfasst werden. ,D1F5D3,,empfohlen,Text,Nein,http://terminology.lido-schema.org/lido00528,,,,,nein,,,,,,,,
98ZG32,Bearbeiter*in der Änderung,,editor ,,"Angaben zur Person, die die Änderung durchgeführt hat.",Details of the person who made the change,"Der Name sollte im Format ""Vorname Nachname"" erfasst werden.",D1F5D3,,empfohlen,Text,Nein,http://terminology.lido-schema.org/lido00163,,,,,nein,,,,,,,,
G56866,Zugangsrecht,Nutzungsrechte,access rights,rights of access,Angaben zum Urheberrecht bzw. der Nutzungsrechte des Berichtes,Information on copyright and rights of use for the report,,AC16G1,,empfohlen,Text,Nein,,,,,,nein,Nutzungsrechte Metadaten (Pflicht),,,,,,,
G50P34,Sprache,,language,,"Angaben zur Sprache, in der der Bericht vorliegt.",Information on the language in which the report is available,,AC16G1,,empfohlen,Text,Nein,,,,,,nein,Sprache des Datensatzes (Pflicht),,,,,,,
K543W2,Datensatzkennung,ID Datensatz,record identifier,,"Eindeutige Kennung, die den Bericht referenzierbar macht.",Unique identifier that makes the report referenceable,,AC16G1,,Pflicht,Text,Nein,,,,,,nein,ID Datensatz (Pflicht),,,,,,,
,,,,,,,,,,,,,,,,,,,,,,,,,,
F2AG55,Verwendete Literatur,Bibliographie,literature used,references| bibliography,"Angaben zu Literatur, die für die Erstellung des Berichtes verwendet wurde.",Details of literature used in the preparation of the report,Gängige wissenschaftliche Zitationsweisen sind einzuhalten.,top,,optional,Text,Ja,,,,,,nein,,,,,,,,
